{
	"credit": "Made with Blockbench",
	"texture_size": [64, 64],
	"textures": {
		"1": "entity/shield_base_nopattern"
	},
	"elements": [
		{
			"name": "shield",
			"from": [2, 5, 5],
			"to": [14, 17, 6],
			"faces": {
				"north": {"uv": [0.25, 1, 3.25, 4], "texture": "#1"},
				"east": {"uv": [0, 1, 0.25, 4.5], "texture": "#1"},
				"south": {"uv": [3.5, 1, 6.5, 4], "texture": "#1"},
				"west": {"uv": [3.25, 1, 3.5, 4.5], "texture": "#1"},
				"up": {"uv": [3.25, 1, 0.25, 0.75], "texture": "#1"},
				"down": {"uv": [6.25, 0.75, 3.25, 1], "texture": "#1"}
			}
		},
		{
			"name": "shield",
			"from": [3, 3, 5],
			"to": [13, 5, 6],
			"faces": {
				"north": {"uv": [0.25, 8.5, 2.75, 9], "texture": "#1"},
				"east": {"uv": [0, 8.5, 0.25, 9], "texture": "#1"},
				"south": {"uv": [3, 8.5, 5.5, 9], "texture": "#1"},
				"west": {"uv": [2.75, 8.5, 3, 9], "texture": "#1"},
				"up": {"uv": [2.75, 8.5, 0.25, 8.25], "texture": "#1"},
				"down": {"uv": [5.25, 8.25, 2.75, 8.5], "texture": "#1"}
			}
		},
		{
			"name": "shield",
			"from": [4, 2, 5],
			"to": [12, 3, 6],
			"faces": {
				"north": {"uv": [0.25, 7.5, 2.25, 7.75], "texture": "#1"},
				"east": {"uv": [0, 7.5, 0.25, 7.75], "texture": "#1"},
				"south": {"uv": [2.5, 7.5, 4.5, 7.75], "texture": "#1"},
				"west": {"uv": [2.25, 7.5, 2.5, 7.75], "texture": "#1"},
				"up": {"uv": [2.25, 7.5, 0.25, 7.25], "texture": "#1"},
				"down": {"uv": [4.25, 7.25, 2.25, 7.5], "texture": "#1"}
			}
		},
		{
			"name": "shield",
			"from": [5, 1, 5],
			"to": [11, 2, 6],
			"faces": {
				"north": {"uv": [3.25, 6, 4.75, 6.25], "texture": "#1"},
				"east": {"uv": [3, 6, 3.25, 6.25], "texture": "#1"},
				"south": {"uv": [5, 6, 6.5, 6.25], "texture": "#1"},
				"west": {"uv": [4.75, 6, 5, 6.25], "texture": "#1"},
				"up": {"uv": [4.75, 6, 3.25, 5.75], "texture": "#1"},
				"down": {"uv": [6.25, 5.75, 4.75, 6], "texture": "#1"}
			}
		},
		{
			"name": "shield",
			"from": [7, 0, 5],
			"to": [9, 1, 6],
			"faces": {
				"north": {"uv": [5, 7, 5.5, 7.25], "texture": "#1"},
				"east": {"uv": [4.75, 7, 5, 7.25], "texture": "#1"},
				"south": {"uv": [5.75, 7, 6.25, 7.25], "texture": "#1"},
				"west": {"uv": [5.5, 7, 5.75, 7.25], "texture": "#1"},
				"up": {"uv": [5.5, 7, 5, 6.75], "texture": "#1"},
				"down": {"uv": [6, 6.75, 5.5, 7], "texture": "#1"}
			}
		},
		{
			"name": "shield",
			"from": [12, 17, 5],
			"to": [14, 20, 6],
			"faces": {
				"north": {"uv": [6.75, 3.25, 7.25, 4], "texture": "#1"},
				"east": {"uv": [6.5, 3.25, 6.75, 4], "texture": "#1"},
				"south": {"uv": [7.5, 3.25, 8, 4], "texture": "#1"},
				"west": {"uv": [7.25, 3.25, 7.5, 4], "texture": "#1"},
				"up": {"uv": [7.25, 3.25, 6.75, 3], "texture": "#1"},
				"down": {"uv": [7.75, 3, 7.25, 3.25], "texture": "#1"}
			}
		},
		{
			"name": "shield",
			"from": [2, 17, 5],
			"to": [4, 20, 6],
			"shade": false,
			"rotation": {"angle": 0, "axis": "y", "origin": [16, 0, 0]},
			"faces": {
				"north": {"uv": [7.25, 3.25, 6.75, 4], "texture": "#1"},
				"east": {"uv": [7.5, 3.25, 7.25, 4], "texture": "#1"},
				"south": {"uv": [8, 3.25, 7.5, 4], "texture": "#1"},
				"west": {"uv": [6.75, 3.25, 6.5, 4], "texture": "#1"},
				"up": {"uv": [6.75, 3.25, 7.25, 3], "texture": "#1"},
				"down": {"uv": [7.25, 3, 7.75, 3.25], "texture": "#1"}
			}
		},
		{
			"name": "shield",
			"from": [10, 17, 5],
			"to": [12, 19, 6],
			"faces": {
				"north": {"uv": [1, 0.25, 1.5, 0.75], "texture": "#1"},
				"east": {"uv": [0.75, 0.25, 1, 0.75], "texture": "#1"},
				"south": {"uv": [1.75, 0.25, 2.25, 0.75], "texture": "#1"},
				"west": {"uv": [1.5, 0.25, 1.75, 0.75], "texture": "#1"},
				"up": {"uv": [1.5, 0.25, 1, 0], "texture": "#1"},
				"down": {"uv": [2, 0, 1.5, 0.25], "texture": "#1"}
			}
		},
		{
			"name": "shield",
			"from": [4, 17, 5],
			"to": [6, 19, 6],
			"faces": {
				"north": {"uv": [1, 0.25, 1.5, 0.75], "texture": "#1"},
				"east": {"uv": [0.75, 0.25, 1, 0.75], "texture": "#1"},
				"south": {"uv": [1.75, 0.25, 2.25, 0.75], "texture": "#1"},
				"west": {"uv": [1.5, 0.25, 1.75, 0.75], "texture": "#1"},
				"up": {"uv": [1.5, 0.25, 1, 0], "texture": "#1"},
				"down": {"uv": [2, 0, 1.5, 0.25], "texture": "#1"}
			}
		},
		{
			"name": "shield",
			"from": [6, 17, 5],
			"to": [10, 18, 6],
			"faces": {
				"north": {"uv": [1, 0.25, 2, 0.5], "texture": "#1"},
				"east": {"uv": [0.75, 0.25, 1, 0.5], "texture": "#1"},
				"south": {"uv": [2.25, 0.25, 3.25, 0.5], "texture": "#1"},
				"west": {"uv": [2, 0.25, 2.25, 0.5], "texture": "#1"},
				"up": {"uv": [2, 0.25, 1, 0], "texture": "#1"},
				"down": {"uv": [3, 0, 2, 0.25], "texture": "#1"}
			}
		},
		{
			"name": "shield",
			"from": [7, 8, 6],
			"to": [9, 14, 12],
			"faces": {
				"north": {"uv": [8, 1.5, 8.5, 3], "texture": "#1"},
				"east": {"uv": [6.5, 1.5, 8, 3], "texture": "#1"},
				"south": {"uv": [10, 1.5, 10.5, 3], "texture": "#1"},
				"west": {"uv": [8.5, 1.5, 10, 3], "texture": "#1"},
				"up": {"uv": [8.5, 1.5, 8, 0], "texture": "#1"},
				"down": {"uv": [9, 0, 8.5, 1.5], "texture": "#1"}
			}
		}
	],
	"overrides": [
		{
			"predicate": {
				"blocking": 1
			},
			"model": "item/shield_blocking"
		}
	],
	"display": {
		"thirdperson_righthand": {
			"rotation": [0, -90, 0],
			"translation": [1, -5, 4]
		},
		"thirdperson_lefthand": {
			"rotation": [0, -90, 0],
			"translation": [1, -5, 4]
		},
		"firstperson_righthand": {
			"rotation": [0, 0, -3],
			"translation": [-2, -8, 3],
			"scale": [0.95, 0.95, 0.95]
		},
		"firstperson_lefthand": {
			"rotation": [0, 0, -3],
			"translation": [-2, -8, 3],
			"scale": [0.95, 0.95, 0.95]
		},
		"ground": {
			"scale": [0.45, 0.45, 0.45]
		},
		"gui": {
			"rotation": [0, -180, 0],
			"translation": [0, -1.5, 0],
			"scale": [0.75, 0.75, 0.75]
		},
		"fixed": {
			"translation": [0, -2.25, 0],
			"scale": [0.75, 0.75, 0.75]
		}
	},
	"groups": [
		{
			"name": "shield",
			"origin": [0, 11, 1],
			"color": 0,
			"nbt": "{}",
			"armAnimationEnabled": false,
			"children": [
				{
					"name": "group",
					"origin": [0, 0, 0],
					"color": 0,
					"nbt": "{}",
					"armAnimationEnabled": false,
					"children": [0, 1, 2, 3, 4, 5, 6, 7, 8, 9, 10]
				}
			]
		}
	]
}